{
    "AlarmName": "DailyEstimatedCharges",
    "AlarmDescription": "This alarm would be triggered if the daily estimated charges exceeds 1$",
    "ActionsEnabled": true,
    "AlarmActions": [
        "arn:aws:sns:us-east-1:815619730776:billing-alarm"
    ],
    "EvaluationPeriods": 1,
    "DatapointsToAlarm": 1,
    "Threshold": 1,
    "ComparisonOperator": "GreaterThanOrEqualToThreshold",
    "TreatMissingData": "breaching",
    "Metrics": [{
        "Id": "m1",
        "MetricStat": {
            "Metric": {
                "Namespace": "AWS/Billing",
                "MetricName": "EstimatedCharges",
                "Dimensions": [{
                    "Name": "Currency",
                    "Value": "USD"
                }]
            },
            "Period": 86400,
            "Stat": "Maximum"
        },
        "ReturnData": false
    },
    {
        "Id": "e1",
        "Expression": "IF(RATE(m1)>0,RATE(m1)*86400,0)",
        "Label": "DailyEstimatedCharges",
        "ReturnData": true
    }]
  }