{
    "BudgetLimit": {
        "Amount": "60",
        "Unit": "USD"
    },
    "BudgetName": "Example Tag Budget-AWS BootCamp",
    "BudgetType": "COST",
    "CostFilters": {
        "TagKeyValue": [
            "user:Key$value1",
            "user:Key$value2"
        ]
    },
    "CostTypes": {
        "IncludeCredit": true,
        "IncludeDiscount": true,
        "IncludeOtherSubscription": true,
        "IncludeRecurring": true,
        "IncludeRefund": true,
        "IncludeSubscription": true,
        "IncludeSupport": true,
        "IncludeTax": true,
        "IncludeUpfront": true,
        "UseBlended": false
    },
    "TimePeriod": {
        "Start": 1477958399,
        "End": 3706473600
    },
    "TimeUnit": "MONTHLY"
}